0,work12562
1,work16904
2,work16905
3,work27145
4,work924267
5,work140298
6,work402728
7,work1
8,work540
9,work556
10,work9452
11,work2793
12,work28824
13,work28828
14,work28826
15,work6072
16,work26009
17,work12011
18,work12012
19,work7196
20,work7182
21,work7018
22,work34741
23,work34742
24,work2451
25,work28021
26,work13729
27,work294332
28,work274653
29,work293
30,work18942
31,work633443
32,work633442
33,work757946
34,work34781
35,work1282
36,work31795
37,work4083
38,work3878
39,work3997
40,work7784
41,work7742
42,work7492
43,work7286
44,work2
45,work568
46,work558
47,work76812
48,work15129
49,work9457
50,work9454
51,work2800
52,work2796
53,work15912
54,work49659
55,work129759
56,work24814
57,work174043
58,work260449
59,work3063
60,work3069
61,work121626
62,work5039
63,work26006
64,work5387
65,work5028
66,work23330
67,work23335
68,work23328
69,work23333
70,work23349
71,work48764
72,work36197
73,work2434
74,work2450
75,work2453
76,work2435
77,work2452
78,work40677
79,work5230
80,work39319
81,work13727
82,work44026
83,work668204
84,work193635
85,work472180
86,work145677
87,work376604
88,work340
89,work253676
90,work9957
91,work18885
92,work834715
93,work702970
94,work5874
95,work1254
96,work10817
97,work4121
98,work28091
99,work4113
100,work4125
101,work36196
102,work9632
103,work7782
104,work427397
105,work264429
106,work605156
107,work3207
108,work7298
109,work4
110,work3
111,work559
112,work564
113,work124923
114,work124922
115,work15268
116,work15067
117,work27289
118,work9456
119,work8180
120,work186047
121,work2171
122,work2192
123,work242783
124,work115736
125,work28827
126,work6146
127,work6140
128,work5032
129,work23346
130,work23344
131,work23371
132,work23341
133,work170117
134,work170108
135,work4350
136,work274313
137,work8532
138,work775294
139,work501369
140,work738544
141,work445076
142,work44028
143,work326594
144,work56652
145,work4084
146,work4119
147,work4123
148,work4108
149,work4120
150,work4134
151,work18643
152,work46365
153,work260680
154,work381786
155,work260681
156,work3213
157,work29383
158,work6909
159,work214186
160,work418886
161,work432929
162,work584468
163,work221991
164,work432928
165,work510820
166,work158442
167,work15264
168,work27280
169,work5149
170,work255564
171,work170118
172,work2437
173,work299968
174,work539749
175,work821659
176,work820843
177,work4926
178,work65630
179,work369061
180,work13099
181,work4111
182,work287559
183,work26310
184,work66487
185,work38588
186,work4351
187,work429874
188,work278732
189,work43792
190,work283729
191,work37276
192,work74823
193,work221838
194,work10829
195,work37275
196,work221836
197,work5029
198,work4325
199,work4670
200,work402730
201,work560
202,work2797
203,work15274
204,work5023
205,work5385
206,work5024
207,work23354
208,work23338
209,work23339
210,work23347
211,work60953
212,work56158
213,work56157
214,work56159
215,work278259
216,work190815
217,work190814
218,work186860
219,work124187
220,work124197
221,work124186
222,work124194
223,work4550
224,work4543
225,work4651
226,work4545
227,work283718
228,work4654
229,work374583
230,work4547
231,work77181
232,work4657
233,work571017
234,work4549
235,work4650
236,work4544
237,work4652
238,work4546
239,work4655
240,work4548
241,work116185
242,work315045
243,work418729
244,work297604
245,work411355
246,work214574
247,work253494
248,work222666
249,work208636
250,work245158
251,work253495
252,work116701
253,work116703
254,work116700
255,work116702
256,work603596
257,work283420
258,work336029
259,work437632
260,work351639
261,work475565
262,work418912
263,work475566
264,work242966
265,work242969
266,work497200
267,work332988
268,work242967
269,work456510
270,work226975
271,work555140
272,work20393
273,work23337
274,work60955
275,work106803
276,work60951
277,work60954
278,work60950
279,work60952
280,work197994
281,work186648
282,work197995
283,work268643
284,work362952
285,work124198
286,work124196
287,work81820
288,work720056
289,work53089
290,work207947
291,work207965
292,work744156
293,work418728
294,work81819
295,work81821
296,work116704
297,work207963
298,work213563
299,work335126
300,work513707
301,work880069
302,work565795
303,work214576
304,work214575
305,work214577
306,work125205
307,work125207
308,work125206
309,work503274
310,work144418
311,work128140
312,work168438
313,work358740
314,work378616
315,work460587
316,work326592
317,work332270
318,work332269
319,work351640
320,work453532
321,work536741
322,work326363
323,work326365
324,work453531
325,work738141
326,work315362
327,work326364
328,work637699
329,work426328
330,work344490
331,work23352
332,work23372
333,work227849
334,work396925
335,work396924
336,work556615
337,work538315
338,work714858
339,work937502
340,work44030
341,work125208
342,work168267
343,work154623
344,work220322
345,work325649
346,work154621
347,work118715
348,work142287
349,work147728
350,work6119
351,work1274
352,work3917
353,work19553
354,work19552
355,work42443
356,work30071
357,work6908
358,work92
359,work622
360,work569
361,work2169
362,work2173
363,work2170
364,work2172
365,work6229
366,work2612
367,work4324
368,work43673
369,work43513
370,work4672
371,work10774
372,work16033
373,work12579
374,work1902
375,work1243
376,work7164
377,work12580
378,work1242
379,work1936
380,work1252
381,work3887
382,work3880
383,work4333
384,work20501
385,work63145
386,work9802
387,work644
388,work29984
389,work2786
390,work2741
391,work2112
392,work2148
393,work2175
394,work2168
395,work2202
396,work2096
397,work2144
398,work22584
399,work27247
400,work27268
401,work749
402,work677
403,work63108
404,work12362
405,work12577
406,work414558
407,work13035
408,work88857
409,work63925
410,work144196
411,work16906
412,work16889
413,work17722
414,work10342
415,work2030
416,work1259
417,work1239
418,work1929
419,work1261
420,work1900
421,work1223
422,work6414
423,work15411
424,work49079
425,work18635
426,work27260
427,work19129
428,work34718
429,work34735
430,work2751
431,work2765
432,work2174
433,work2158
434,work6187
435,work5027
436,work5031
437,work2454
438,work2459
439,work2458
440,work2433
441,work12374
442,work12368
443,work12370
444,work12361
445,work12364
446,work12377
447,work253018
448,work1562
449,work7061
450,work56
451,work1561
452,work5406
453,work5814
454,work190228
455,work5407
456,work199914
457,work5826
458,work36634
459,work36450
460,work1257
461,work1264
462,work21408
463,work113455
464,work2727
465,work2789
466,work2724
467,work2731
468,work191160
469,work22589
470,work20394
471,work26007
472,work5025
473,work34019
474,work2468
475,work2456
476,work2470
477,work2462
478,work2466
479,work2455
480,work2460
481,work2464
482,work12367
483,work12365
484,work262720
485,work1477
486,work14948
487,work14952
488,work14949
489,work14953
490,work4656
491,work80309
492,work10793
493,work44265
494,work44266
495,work21393
496,work12369
497,work12372
498,work21400
499,work21402
500,work21407
501,work21420
502,work21401
503,work21404
504,work286482
505,work18488
506,work3006
507,work2993
508,work52178
509,work207936
510,work134421
511,work43989
512,work43991
513,work5180
514,work2994
515,work3003
516,work10625
517,work25716
518,work1230
519,work1233
520,work1232
521,work4109
522,work7813
523,work38225
524,work7814
525,work36284
526,work1199
527,work1201
528,work1200
529,work565
530,work218381
531,work40956
532,work10984
533,work10988
534,work10923
535,work70476
536,work43990
537,work43992
538,work18489
539,work13806
540,work13058
541,work11159
542,work11166
543,work11168
544,work13054
545,work11170
546,work11165
547,work11167
548,work11169
549,work229782
550,work3001
551,work46959
552,work2991
553,work2996
554,work445107
555,work2990
556,work90073
557,work5378
558,work5356
559,work5343
560,work49736
561,work25721
562,work25725
563,work3104
564,work62571
565,work1937
566,work30847
567,work1218
568,work4090
569,work4110
570,work38226
571,work7812
572,work86281
573,work86399
574,work131833
575,work4349
576,work219040
577,work30780
578,work18286
579,work56154
580,work111170
581,work141053
582,work141063
583,work141048
584,work206616
585,work10986
586,work43994
587,work43993
588,work43988
589,work28663
590,work18490
591,work20117
592,work18479
593,work3796
594,work11158
595,work10263
596,work44227
597,work32035
598,work32037
599,work32036
600,work116706
601,work2992
602,work474512
603,work5347
604,work5373
605,work5355
606,work5367
607,work14940
608,work14943
609,work14939
610,work14942
611,work15052
612,work14938
613,work1224
614,work1275
615,work4106
616,work4135
617,work137178
618,work70788
619,work48052
620,work105226
621,work214872
622,work131839
623,work86401
624,work59847
625,work131828
626,work13394
627,work13400
628,work13076
629,work13396
630,work60109
631,work91034
632,work38745
633,work552
634,work141050
635,work141045
636,work141051
637,work197550
638,work10985
639,work56988
640,work38328
641,work4989
642,work4326
643,work137325
644,work5912
645,work15053
646,work65634
647,work709618
648,work4138
649,work4104
650,work4143
651,work4105
652,work201623
653,work92578
654,work131826
655,work131834
656,work131822
657,work59736
658,work61970
659,work177191
660,work815805
661,work45988
662,work7045
663,work562
664,work127970
665,work124924
666,work63869
667,work141054
668,work141047
669,work10990
670,work4327
671,work131830
672,work193452
673,work38515
674,work38748
675,work78941
676,work25663
677,work25687
678,work10989
679,work9774
680,work1178
681,work4689
682,work15063
683,work2076
684,work2078
685,work2080
686,work2077
687,work2079
688,work7
689,work9
690,work663
691,work8
692,work661
693,work23092
694,work5035
695,work5018
696,work360935
697,work24300
698,work523215
699,work7035
700,work38375
701,work2792
702,work2802
703,work24790
704,work24799
705,work24792
706,work24802
707,work24794
708,work24804
709,work24789
710,work24798
711,work24791
712,work24801
713,work24793
714,work24815
715,work24803
716,work24818
717,work2082
718,work780
719,work779
720,work4067
721,work377566
722,work10346
723,work5033
724,work5034
725,work43022
726,work674558
727,work7019
728,work38368
729,work96569
730,work112946
731,work602240
732,work12178
733,work12177
734,work12181
735,work544
736,work587
737,work557
738,work2781
739,work2788
740,work2804
741,work2790
742,work13174
743,work13170
744,work13175
745,work24797
746,work24796
747,work24811
748,work24795
749,work24805
750,work782
751,work319701
752,work5026
753,work34859
754,work34235
755,work135603
756,work7023
757,work7017
758,work7016
759,work38376
760,work336811
761,work49735
762,work49775
763,work49739
764,work483569
765,work602234
766,work602241
767,work48255
768,work49065
769,work38502
770,work209308
771,work88961
772,work6896
773,work29460
774,work29465
775,work12193
776,work12195
777,work12194
778,work9765
779,work9788
780,work38238
781,work38259
782,work539
783,work538
784,work8699
785,work8701
786,work8700
787,work8702
788,work33870
789,work33848
790,work33875
791,work2809
792,work13165
793,work24812
794,work24817
795,work24813
796,work657
797,work4064
798,work4063
799,work4065
800,work4068
801,work121614
802,work76613
803,work5037
804,work34764
805,work914412
806,work36521
807,work336820
808,work116159
809,work38374
810,work38373
811,work49741
812,work24426
813,work24436
814,work298168
815,work213774
816,work213773
817,work306057
818,work46001
819,work29463
820,work38236
821,work38258
822,work38260
823,work38234
824,work537
825,work555
826,work33840
827,work33861
828,work33834
829,work122077
830,work208631
831,work54723
832,work112744
833,work2658
834,work116161
835,work504376
836,work336818
837,work233003
838,work3258
839,work3284
840,work24425
841,work213772
842,work322130
843,work43703
844,work13342
845,work33862
846,work33839
847,work33854
848,work33814
849,work54729
850,work831
851,work684
852,work686
853,work683
854,work685
855,work687
856,work4069
857,work3267
858,work3293
859,work3303
860,work3296
861,work3309
862,work21919
863,work1241
864,work13343
865,work13344
866,work38233
867,work33844
868,work33835
869,work254564
870,work214979
871,work3257
872,work249300
873,work13345
874,work33851
875,work184126
876,work24087
877,work336810
878,work8351
879,work8350
880,work10879
881,work155739
882,work17877
883,work38222
884,work672
885,work7087
886,work7078
887,work249
888,work10287
889,work13791
890,work48240
891,work7022
892,work2501
893,work40695
894,work4328
895,work37778
896,work37825
897,work37857
898,work37826
899,work11723
900,work19185
901,work15
902,work16
903,work38434
904,work16900
905,work11238
906,work52179
907,work34522
908,work3755
909,work3752
910,work3754
911,work3753
912,work9865
913,work9869
914,work3879
915,work3875
916,work9970
917,work610
918,work611
919,work13831
920,work9767
921,work596111
922,work38045
923,work8150
924,work2791
925,work2075
926,work2182
927,work242797
928,work242798
929,work656
930,work671
931,work20396
932,work20395
933,work20392
934,work28988
935,work13790
936,work5060
937,work5077
938,work5070
939,work443198
940,work199708
941,work31459
942,work13055
943,work13057
944,work13056
945,work35102
946,work34747
947,work35108
948,work2427
949,work4330
950,work4329
951,work2654
952,work37781
953,work37779
954,work65
955,work12
956,work11199
957,work4676
958,work315
959,work7056
960,work11665
961,work2811
962,work38725
963,work9870
964,work29389
965,work277199
966,work6885
967,work38506
968,work38229
969,work24139
970,work8149
971,work119682
972,work42912
973,work36122
974,work681
975,work658
976,work20398
977,work20400
978,work20397
979,work20399
980,work24
981,work3735
982,work3737
983,work3734
984,work3736
985,work11368
986,work180759
987,work9871
988,work11205
989,work234069
990,work326534
991,work70403
992,work18277
993,work31104
994,work1903
995,work11209
996,work464329
997,work118215
998,work464362
999,work9866
1000,work487156
1001,work488057
1002,work2677
1003,work35484
1004,work3963
1005,work3968
1006,work3967
1007,work7584
1008,work42641
1009,work2081
1010,work149360
1011,work161317
1012,work4653
1013,work176304
1014,work633441
1015,work148829
1016,work136629
1017,work136633
1018,work136635
1019,work136634
1020,work53329
1021,work157048
1022,work159133
1023,work159132
1024,work149157
1025,work149166
1026,work149155
1027,work149164
1028,work263869
1029,work3883
1030,work4595
1031,work3885
1032,work3893
1033,work3897
1034,work27601
1035,work27596
1036,work27600
1037,work10949
1038,work20596
1039,work48735
1040,work209192
1041,work4024
1042,work20416
1043,work11873
1044,work11877
1045,work11876
1046,work2678
1047,work2680
1048,work2438
1049,work11271
1050,work11265
1051,work210269
1052,work176303
1053,work213565
1054,work183156
1055,work148828
1056,work757947
1057,work781790
1058,work148827
1059,work148831
1060,work166835
1061,work204528
1062,work334841
1063,work166837
1064,work171260
1065,work203200
1066,work166836
1067,work338589
1068,work149167
1069,work3896
1070,work3908
1071,work21415
1072,work27597
1073,work21905
1074,work7582
1075,work7585
1076,work70934
1077,work55307
1078,work49656
1079,work7581
1080,work209175
1081,work10935
1082,work2778
1083,work2795
1084,work430985
1085,work45726
1086,work45729
1087,work45725
1088,work45722
1089,work4029
1090,work29223
1091,work29333
1092,work20409
1093,work20408
1094,work518126
1095,work522261
1096,work11878
1097,work2679
1098,work28023
1099,work251659
1100,work59754
1101,work14959
1102,work8511
1103,work4397
1104,work10252
1105,work148830
1106,work309807
1107,work207949
1108,work238338
1109,work277497
1110,work149172
1111,work3938
1112,work3936
1113,work3941
1114,work117849
1115,work117850
1116,work21403
1117,work27602
1118,work209191
1119,work209178
1120,work7579
1121,work217824
1122,work13663
1123,work15933
1124,work381802
1125,work45719
1126,work45721
1127,work45712
1128,work45723
1129,work45716
1130,work45718
1131,work45728
1132,work45724
1133,work59757
1134,work59755
1135,work633764
1136,work763582
1137,work881140
1138,work275518
1139,work711077
1140,work1280
1141,work117851
1142,work45717
1143,work45720
1144,work45715
1145,work7787
1146,work8268
1147,work6228
1148,work3160
1149,work892
1150,work674
1151,work894
1152,work816
1153,work6153
1154,work7473
1155,work6125
1156,work7936
1157,work6108
1158,work5353
1159,work84
1160,work1564
1161,work1541
1162,work3113
1163,work4150
1164,work18624
1165,work150327
1166,work2772
1167,work31535
1168,work2270
1169,work2176
1170,work2097
1171,work2099
1172,work2102
1173,work2088
1174,work691
1175,work890
1176,work893
1177,work895
1178,work746
1179,work824
1180,work123667
1181,work238554
1182,work64447
1183,work6335
1184,work6109
1185,work6129
1186,work6094
1187,work6171
1188,work6115
1189,work6183
1190,work6077
1191,work6132
1192,work6173
1193,work6175
1194,work6141
1195,work6191
1196,work6148
1197,work6199
1198,work6169
1199,work6182
1200,work6217
1201,work6131
1202,work6184
1203,work6158
1204,work6137
1205,work6174
1206,work6122
1207,work6163
1208,work6126
1209,work1432
1210,work10186
1211,work10185
1212,work77390
1213,work1534
1214,work80
1215,work1522
1216,work98199
1217,work307
1218,work10386
1219,work10364
1220,work63721
1221,work3109
1222,work3105
1223,work4099
1224,work18678
1225,work20260
1226,work19152
1227,work635
1228,work7843
1229,work150271
1230,work9460
1231,work23826
1232,work2108
1233,work10924
1234,work2177
1235,work2098
1236,work2087
1237,work2189
1238,work2105
1239,work2094
1240,work2120
1241,work2268
1242,work2272
1243,work2188
1244,work14894
1245,work27277
1246,work911
1247,work6180
1248,work6155
1249,work6159
1250,work6104
1251,work6127
1252,work6247
1253,work6097
1254,work6178
1255,work6090
1256,work223407
1257,work10188
1258,work10259
1259,work297
1260,work301
1261,work302
1262,work283273
1263,work150288
1264,work150267
1265,work2239
1266,work2101
1267,work2178
1268,work6106
1269,work117846
1270,work150318
1271,work150310
1272,work2201
1273,work150303
1274,work10144
1275,work1227
1276,work103487
1277,work7190
1278,work7193
1279,work2428
1280,work119765
1281,work132428
1282,work9961
1283,work3304
1284,work717027
1285,work7165
1286,work9856
1287,work6906
1288,work6890
1289,work10536
1290,work2199
1291,work2107
1292,work2130
1293,work7187
1294,work7470
1295,work7189
1296,work2625
1297,work2622
1298,work2580
1299,work2619
1300,work37849
1301,work37828
1302,work185708
1303,work9958
1304,work9965
1305,work9962
1306,work46485
1307,work1258
1308,work6884
1309,work6907
1310,work10569
1311,work572991
1312,work2798
1313,work2100
1314,work2141
1315,work2149
1316,work2216
1317,work2160
1318,work112
1319,work5828
1320,work114
1321,work5848
1322,work17863
1323,work3035
1324,work5016
1325,work2579
1326,work2611
1327,work12353
1328,work12665
1329,work12337
1330,work12383
1331,work4745
1332,work154488
1333,work201427
1334,work219538
1335,work4750
1336,work43319
1337,work37827
1338,work1052
1339,work9959
1340,work46482
1341,work152421
1342,work98375
1343,work121348
1344,work10548
1345,work2770
1346,work2103
1347,work2136
1348,work613614
1349,work2413
1350,work93
1351,work411360
1352,work23278
1353,work23276
1354,work746739
1355,work33815
1356,work55627
1357,work3065
1358,work15230
1359,work12288
1360,work34746
1361,work35109
1362,work43036
1363,work54349
1364,work13168
1365,work95
1366,work54951
1367,work4671
1368,work21676
1369,work183826
1370,work4095
1371,work4148
1372,work4112
1373,work46364
1374,work206272
1375,work132442
1376,work23532
1377,work2807
1378,work246064
1379,work16677
1380,work16763
1381,work16762
1382,work2490
1383,work2503
1384,work42521
1385,work43032
1386,work10087
1387,work15008
1388,work34156
1389,work15001
1390,work15267
1391,work23535
1392,work23436
1393,work23442
1394,work23441
1395,work23443
1396,work31371
1397,work36846
1398,work23336
1399,work39223
1400,work39729
1401,work154315
1402,work27319
1403,work23534
1404,work23533
1405,work35808
1406,work2307
1407,work38455
1408,work2491
1409,work81844
1410,work46474
1411,work44304
1412,work1435
1413,work2656
1414,work5376
1415,work10732
1416,work3777
1417,work14314
1418,work481609
1419,work390237
1420,work914
1421,work4673
1422,work17568
1423,work425830
1424,work35739
1425,work382878
1426,work23758
1427,work70211
1428,work410
1429,work421
1430,work509655
1431,work481436
1432,work12666
1433,work450280
1434,work320
1435,work343
1436,work345
1437,work122094
1438,work15130
1439,work16183
1440,work18646
1441,work9368
1442,work9372
1443,work10140
1444,work17547
1445,work6590
1446,work15913
1447,work407279
1448,work9373
1449,work9383
1450,work9375
1451,work9392
1452,work9356
1453,work9382
1454,work9363
1455,work9369
1456,work9381
1457,work23720
1458,work48766
1459,work48765
1460,work5369
1461,work5363
1462,work5377
1463,work9960
1464,work21686
1465,work64150
1466,work18933
1467,work128060
1468,work513710
1469,work5128
1470,work5138
1471,work4160
1472,work4124
1473,work4151
1474,work4139
1475,work358640
1476,work38452
1477,work294251
1478,work207543
1479,work141062
1480,work141061
1481,work242782
1482,work9377
1483,work9370
1484,work9379
1485,work9374
1486,work9384
1487,work9367
1488,work9376
1489,work9387
1490,work9378
1491,work9371
1492,work9360
1493,work6170
1494,work4117
1495,work122076
1496,work15133
1497,work15128
1498,work141064
1499,work47054
1500,work6195
1501,work6167
1502,work6200
1503,work5351
1504,work19217
1505,work19189
1506,work4168
1507,work23280
1508,work9385
1509,work233897
1510,work23939
1511,work23743
1512,work118216
1513,work342913
1514,work19219
1515,work19223
1516,work28
1517,work4810
1518,work356158
1519,work587927
1520,work368610
1521,work40769
1522,work224744
1523,work385368
1524,work13832
1525,work13834
1526,work13833
1527,work16138
1528,work499136
1529,work24546
1530,work443495
1531,work609919
1532,work473178
1533,work155273
1534,work676566
1535,work443492
1536,work609916
1537,work155272
1538,work617744
1539,work7491
1540,work30776
1541,work30775
1542,work553
1543,work572
1544,work190461
1545,work127108
1546,work38718
1547,work542
1548,work38187
1549,work134407
1550,work17792
1551,work561
1552,work38221
1553,work541
1554,work116928
1555,work38163
1556,work27671
1557,work34333
1558,work68090
1559,work12015
1560,work2499
1561,work2640
1562,work251246
1563,work2500
1564,work2672
1565,work2429
1566,work38193
1567,work17804
1568,work545
1569,work17796
1570,work547
1571,work17798
1572,work549
1573,work578
1574,work6116
1575,work6088
1576,work6234
1577,work6149
1578,work6278
1579,work6152
1580,work21495
1581,work6143
1582,work6160
1583,work6130
1584,work6145
1585,work7921
1586,work6136
1587,work8381
1588,work6092
1589,work6244
1590,work6139
1591,work6150
1592,work6142
1593,work7168
1594,work6128
1595,work21503
1596,work6144
1597,work6112
1598,work6340
1599,work131615
1600,work12435
1601,work2414
1602,work2493
1603,work2416
1604,work2418
1605,work2314
1606,work2682
1607,work2492
1608,work2415
1609,work2494
1610,work2417
1611,work2681
1612,work2489
1613,work142749
1614,work21435
1615,work11375
1616,work2049
1617,work58778
1618,work547256
1619,work58782
1620,work18715
1621,work67550
1622,work125817
1623,work8638
1624,work125818
1625,work580
1626,work566
1627,work581
1628,work550
1629,work38742
1630,work58784
1631,work58783
1632,work18736
1633,work247481
1634,work12010
1635,work12253
1636,work12918
1637,work4748
1638,work59466
1639,work16037
1640,work31715
1641,work11671
1642,work2033
1643,work2051
1644,work3106
1645,work38774
1646,work38777
1647,work7947
1648,work9789
1649,work6845
1650,work9796
1651,work17805
1652,work37873
1653,work37870
1654,work53306
1655,work755
1656,work36495
1657,work36499
1658,work37122
1659,work12893
1660,work222292
1661,work59463
1662,work147972
1663,work20215
1664,work13720
1665,work6362
1666,work16092
1667,work11670
1668,work11898
1669,work2048
1670,work3162
1671,work226558
1672,work25439
1673,work24484
1674,work106768
1675,work37274
1676,work31609
1677,work6846
1678,work6853
1679,work6898
1680,work6864
1681,work6880
1682,work6852
1683,work6874
1684,work15882
1685,work13262
1686,work546
1687,work2090
1688,work228142
1689,work37865
1690,work41579
1691,work152563
1692,work80310
1693,work16009
1694,work233
1695,work108961
1696,work196323
1697,work96780
1698,work38316
1699,work140626
1700,work66316
1701,work64571
1702,work10286
1703,work9978
1704,work10289
1705,work143640
1706,work12449
1707,work14025
1708,work7229
1709,work91221
1710,work36535
1711,work369053
1712,work118117
1713,work76242
1714,work12900
1715,work140368
1716,work222294
1717,work168678
1718,work29749
1719,work2997
1720,work20203
1721,work31237
1722,work58597
1723,work13724
1724,work24881
1725,work24882
1726,work23220
1727,work4450
1728,work10465
1729,work96166
1730,work327749
1731,work13104
1732,work11669
1733,work3216
1734,work148096
1735,work5923
1736,work38785
1737,work38721
1738,work38775
1739,work39750
1740,work22692
1741,work24442
1742,work4000
1743,work81781
1744,work152183
1745,work187121
1746,work45958
1747,work129100
1748,work31031
1749,work6854
1750,work6905
1751,work22759
1752,work14082
1753,work33881
1754,work33885
1755,work41071
1756,work58615
1757,work13565
1758,work34715
1759,work157057
1760,work40404
1761,work22622
1762,work22619
1763,work15670
1764,work38673
1765,work57823
1766,work129752
1767,work38314
1768,work51965
1769,work6121
1770,work35661
1771,work91279
1772,work226936
1773,work80508
1774,work13468
1775,work50261
1776,work222295
1777,work63422
1778,work20055
1779,work63430
1780,work13109
1781,work33448
1782,work21371
1783,work38781
1784,work38723
1785,work128296
1786,work20274
1787,work32187
1788,work7939
1789,work19163
1790,work376309
1791,work6886
1792,work22740
1793,work129882
1794,work33878
1795,work33850
1796,work33871
1797,work33833
1798,work33880
1799,work18865
1800,work68098
1801,work38677
1802,work64225
1803,work752
1804,work5652
1805,work68972
1806,work71747
1807,work12917
1808,work126609
1809,work11340
1810,work67998
1811,work37476
1812,work100109
1813,work1367
1814,work41684
1815,work586148
1816,work535047
1817,work22491
1818,work173764
1819,work98646
1820,work14982
1821,work135446
1822,work135449
1823,work382547
1824,work24444
1825,work586154
1826,work18828
1827,work41707
1828,work46899
1829,work5341
1830,work78232
1831,work16498
1832,work42160
1833,work42159
1834,work11456
1835,work6883
1836,work30752
1837,work9785
1838,work5928
1839,work11947
1840,work11973
1841,work11949
1842,work10295
1843,work10467
1844,work10883
1845,work116160
1846,work38414
1847,work13718
1848,work1568
1849,work10798
1850,work13097
1851,work13133
1852,work1215
1853,work25442
1854,work25444
1855,work25443
1856,work236297
1857,work1121
1858,work1112
1859,work42161
1860,work42162
1861,work7064
1862,work7303
1863,work7065
1864,work563
1865,work5934
1866,work163126
1867,work9459
1868,work8138
1869,work8151
1870,work8140
1871,work8144
1872,work8137
1873,work8139
1874,work8155
1875,work13566
1876,work17741
1877,work11975
1878,work17740
1879,work12148
1880,work17742
1881,work12152
1882,work11974
1883,work12147
1884,work12006
1885,work12005
1886,work12013
1887,work6439
1888,work4749
1889,work30
1890,work13
1891,work71
1892,work9595
1893,work10799
1894,work10792
1895,work4812
1896,work3092
1897,work1217
1898,work38297
1899,work1578
1900,work3489
1901,work464
1902,work234451
1903,work7063
1904,work8153
1905,work8142
1906,work8152
1907,work8141
1908,work13564
1909,work13563
1910,work12149
1911,work17743
1912,work12151
1913,work12150
1914,work12004
1915,work147869
1916,work27524
1917,work130111
1918,work1570
1919,work1277
1920,work3488
1921,work1122
1922,work8143
1923,work5911
1924,work42509
1925,work1278
1926,work145044
1927,work234450
1928,work88663
1929,work5390
1930,work86021
1931,work68564
1932,work7603
1933,work68571
1934,work68568
1935,work68572
1936,work42506
1937,work42510
1938,work5932
1939,work42511
1940,work28216
1941,work28218
1942,work28212
1943,work28215
1944,work28213
1945,work88465
1946,work2615
1947,work178419
1948,work28217
1949,work659
1950,work178418
1951,work12071
1952,work36543
1953,work1525
1954,work10794
1955,work3278
1956,work145894
1957,work1213
1958,work54935
1959,work37279
1960,work10530
1961,work10540
1962,work10526
1963,work10562
1964,work10517
1965,work10525
1966,work34723
1967,work27256
1968,work5058
1969,work14215
1970,work116
1971,work5710
1972,work3060
1973,work15236
1974,work12316
1975,work227216
1976,work12347
1977,work12121
1978,work12258
1979,work12286
1980,work12080
1981,work12108
1982,work227215
1983,work12324
1984,work12118
1985,work12257
1986,work12029
1987,work231101
1988,work12285
1989,work12076
1990,work12093
1991,work13793
1992,work2602
1993,work64791
1994,work128260
1995,work10772
1996,work725307
1997,work13093
1998,work13120
1999,work3259
2000,work3290
2001,work3262
2002,work3255
2003,work3282
2004,work3289
2005,work3261
2006,work3291
2007,work5139
2008,work1940
2009,work1214
2010,work1234
2011,work1216
2012,work1938
2013,work1220
2014,work39318
2015,work10523
2016,work6873
2017,work10531
2018,work6872
2019,work331243
2020,work44824
2021,work44822
2022,work33816
2023,work33820
2024,work33817
2025,work39389
2026,work2794
2027,work15943
2028,work13166
2029,work12597
2030,work5015
2031,work12117
2032,work227217
2033,work3819
2034,work3813
2035,work2486
2036,work2607
2037,work2616
2038,work2498
2039,work143076
2040,work143078
2041,work143080
2042,work143072
2043,work143077
2044,work143079
2045,work17438
2046,work871011
2047,work11819
2048,work10778
2049,work13119
2050,work14136
2051,work3311
2052,work3273
2053,work3310
2054,work1210
2055,work1268
2056,work1235
2057,work1270
2058,work1250
2059,work1208
2060,work30848
2061,work1211
2062,work45941
2063,work19073
2064,work37294
2065,work821371
2066,work222628
2067,work38026
2068,work17946
2069,work411340
2070,work2752
2071,work92768
2072,work27267
2073,work641620
2074,work12549
2075,work12298
2076,work12670
2077,work1068
2078,work10767
2079,work1269
2080,work1973
2081,work77446
2082,work227393
2083,work63612
2084,work12296
2085,work1932
2086,work110535
2087,work19145
2088,work19081
2089,work2748
2090,work2803
2091,work554
2092,work2801
2093,work231705
2094,work2471
2095,work4525
2096,work62176
2097,work62178
2098,work62177
2099,work62179
2100,work7448
2101,work42447
2102,work23983
2103,work632496
2104,work50458
2105,work645111
2106,work81822
2107,work14079
2108,work409864
2109,work43011
2110,work49311
2111,work77163
2112,work2783
2113,work2757
2114,work189781
2115,work168337
2116,work237575
2117,work188262
2118,work231704
2119,work283747
2120,work704679
2121,work777310
2122,work645109
2123,work571020
2124,work146623
2125,work175724
2126,work649808
2127,work2074
2128,work318713
2129,work2787
2130,work2737
2131,work2780
2132,work180210
2133,work188266
2134,work155212
2135,work210219
2136,work266562
2137,work188268
2138,work223965
2139,work176638
2140,work207344
2141,work188265
2142,work214187
2143,work10004
2144,work12911
2145,work81586
2146,work3874
2147,work117880
2148,work10005
2149,work20734
2150,work4757
2151,work20135
2152,work39320
2153,work22694
2154,work3107
2155,work1904
2156,work24576
2157,work49418
2158,work6895
2159,work10934
2160,work10003
2161,work15399
2162,work10006
2163,work14787
2164,work575
2165,work29994
2166,work29969
2167,work24151
2168,work56760
2169,work8336
2170,work24998
2171,work25014
2172,work2106
2173,work2184
2174,work2209
2175,work2267
2176,work10475
2177,work2236
2178,work2208
2179,work2117
2180,work2121
2181,work15287
2182,work14406
2183,work19750
2184,work146622
2185,work2621
2186,work2596
2187,work2645
2188,work2650
2189,work1551
2190,work11521
2191,work10877
2192,work21299
2193,work25587
2194,work39765
2195,work73498
2196,work81436
2197,work570
2198,work54534
2199,work38198
2200,work38196
2201,work8324
2202,work109203
2203,work2234
2204,work27699
2205,work2132
2206,work2147
2207,work2211
2208,work19807
2209,work66696
2210,work2229
2211,work2050
2212,work7307
2213,work724
2214,work12025
2215,work11968
2216,work11950
2217,work11969
2218,work63361
2219,work68923
2220,work74709
2221,work68932
2222,work35
2223,work23172
2224,work16902
2225,work22169
2226,work22164
2227,work67774
2228,work20020
2229,work34677
2230,work36123
2231,work670
2232,work6375
2233,work159
2234,work3078
2235,work11970
2236,work104698
2237,work12275
2238,work12472
2239,work12281
2240,work12315
2241,work7722
2242,work75396
2243,work77178
2244,work122151
2245,work7262
2246,work7227
2247,work7188
2248,work7204
2249,work95948
2250,work2497
2251,work7620
2252,work18436
2253,work23181
2254,work4954
2255,work16886
2256,work16885
2257,work494272
2258,work372
2259,work261403
2260,work22187
2261,work22219
2262,work33579
2263,work24538
2264,work24539
2265,work434677
2266,work450744
2267,work6851
2268,work34258
2269,work37362
2270,work37611
2271,work36124
2272,work36126
2273,work5435
2274,work3067
2275,work3071
2276,work3061
2277,work3064
2278,work11944
2279,work17386
2280,work11002
2281,work11014
2282,work12263
2283,work12274
2284,work17789
2285,work12270
2286,work7690
2287,work7233
2288,work7243
2289,work7205
2290,work7192
2291,work7202
2292,work7238
2293,work50303
2294,work12394
2295,work12354
2296,work12531
2297,work11012
2298,work12395
2299,work22695
2300,work12601
2301,work98819
2302,work23180
2303,work543507
2304,work65971
2305,work22171
2306,work22216
2307,work22222
2308,work22170
2309,work33048
2310,work1228
2311,work1942
2312,work4688
2313,work781826
2314,work678774
2315,work781825
2316,work249233
2317,work151666
2318,work45934
2319,work45996
2320,work45935
2321,work353511
2322,work620
2323,work37399
2324,work59038
2325,work59022
2326,work42648
2327,work34675
2328,work2241
2329,work2089
2330,work2240
2331,work35740
2332,work29335
2333,work17385
2334,work17786
2335,work10999
2336,work1862
2337,work12351
2338,work12338
2339,work12524
2340,work7629
2341,work7619
2342,work36070
2343,work95171
2344,work22223
2345,work1906
2346,work1898
2347,work1909
2348,work91728
2349,work36592
2350,work882079
2351,work719769
2352,work59036
2353,work2782
2354,work169085
2355,work38619
2356,work7215
2357,work12381
2358,work7634
2359,work36071
2360,work36090
2361,work184463
2362,work17619
2363,work10826
2364,work1913
2365,work21391
2366,work36080
2367,work21395
2368,work21406
2369,work21386
2370,work2127
2371,work2140
2372,work2183
2373,work2110
2374,work2122
2375,work2142
2376,work2113
2377,work2151
2378,work2280
2379,work2104
2380,work2155
2381,work2126
2382,work2200
2383,work2138
2384,work2109
2385,work2159
2386,work2185
2387,work2133
2388,work2123
2389,work2143
2390,work2154
2391,work2238
2392,work2135
2393,work2114
2394,work2125
2395,work2145
2396,work2156
2397,work2180
2398,work17171
2399,work402497
2400,work127987
2401,work425210
2402,work527991
2403,work392526
2404,work82041
2405,work91126
2406,work91123
2407,work82654
2408,work40703
2409,work35610
2410,work35630
2411,work35609
2412,work65446
2413,work64667
2414,work135433
2415,work2998
2416,work3015
2417,work566530
2418,work8541
2419,work10374
2420,work10448
2421,work10329
2422,work10397
2423,work10337
2424,work10344
2425,work434359
2426,work392739
2427,work566538
2428,work1918
2429,work1912
2430,work1916
2431,work566537
2432,work134424
2433,work91635
2434,work57062
2435,work566536
2436,work125688
2437,work566532
2438,work2273
2439,work2124
2440,work2146
2441,work2277
2442,work2137
2443,work35613
2444,work35603
2445,work35616
2446,work35605
2447,work65428
2448,work35633
2449,work35611
2450,work35615
2451,work35604
2452,work35618
2453,work35606
2454,work35631
2455,work65437
2456,work1917
2457,work1919
2458,work13802
2459,work200225
2460,work31727
2461,work13789
2462,work13795
2463,work2641
2464,work4522
2465,work4515
2466,work234520
2467,work11075
2468,work20291
2469,work20305
2470,work762132
2471,work108889
2472,work26309
2473,work75138
2474,work75132
2475,work78590
2476,work17884
2477,work17883
2478,work17878
2479,work234524
2480,work88548
2481,work434206
2482,work3222
2483,work29983
2484,work457821
2485,work7654
2486,work24646
2487,work4667
2488,work567
2489,work9773
2490,work9777
2491,work9776
2492,work454928
2493,work34078
2494,work14052
2495,work68317
2496,work3818
2497,work3816
2498,work2638
2499,work2588
2500,work474747
2501,work2660
2502,work4778
2503,work5275
2504,work5223
2505,work5245
2506,work5364
2507,work5290
2508,work5227
2509,work5244
2510,work29585
2511,work59696
2512,work10142
2513,work54856
2514,work112151
2515,work39203
2516,work39209
2517,work1908
2518,work283141
2519,work18598
2520,work295347
2521,work8734
2522,work63940
2523,work37462
2524,work319725
2525,work9800
2526,work3010
2527,work6255
2528,work92187
2529,work6333
2530,work6107
2531,work6297
2532,work6221
2533,work6123
2534,work8307
2535,work23375
2536,work16063
2537,work56773
2538,work28095
2539,work3047
2540,work645
2541,work543
2542,work88709
2543,work3062
2544,work6147
2545,work144387
2546,work2735
2547,work2742
2548,work16230
2549,work43327
2550,work6069
2551,work6341
2552,work40302
2553,work157279
2554,work40765
2555,work30070
2556,work943526
2557,work19123
2558,work81069
2559,work450294
2560,work9550
2561,work92134
2562,work142716
2563,work6101
2564,work48483
2565,work76243
2566,work334016
2567,work23976
2568,work809679
2569,work40226
2570,work634365
2571,work67670
2572,work90067
2573,work293295
2574,work54844
2575,work858932
2576,work491819
2577,work90074
2578,work56332
2579,work11202
2580,work634374
2581,work80366
2582,work128641
2583,work144615
2584,work99110
2585,work184791
2586,work90079
2587,work696239
2588,work63144
2589,work39138
2590,work9810
2591,work257319
2592,work126268
2593,work33830
2594,work9548
2595,work9514
2596,work177601
2597,work79918
2598,work10116
2599,work79922
2600,work79917
2601,work24085
2602,work24092
2603,work6378
2604,work320209
2605,work64127
2606,work634363
2607,work634370
2608,work314856
2609,work90078
2610,work518294
2611,work86813
2612,work90347
2613,work170839
2614,work591656
2615,work634372
2616,work634375
2617,work90349
2618,work765726
2619,work106556
2620,work858940
2621,work90077
2622,work159539
2623,work31650
2624,work59561
2625,work1989
2626,work90346
2627,work119196
2628,work375552
2629,work62823
2630,work904067
2631,work90345
2632,work90076
2633,work57581
2634,work5405
2635,work17995
2636,work17994
2637,work710700
2638,work642405
2639,work495039
2640,work571633
2641,work660168
2642,work29618
2643,work3125
2644,work10914
2645,work10947
2646,work12069
2647,work13437
2648,work4516
2649,work5371
2650,work5342
2651,work5346
2652,work11402
2653,work10139
2654,work14130
2655,work14334
2656,work14332
2657,work62655
2658,work23275
2659,work96745
2660,work14833
2661,work576
2662,work15036
2663,work9462
2664,work2785
2665,work106728
2666,work669
2667,work19813
2668,work18939
2669,work3088
2670,work585
2671,work24088
2672,work30920
2673,work134338
2674,work8719
2675,work7346
2676,work7181
2677,work7067
2678,work7300
2679,work7180
2680,work7066
2681,work7068
2682,work22032
2683,work34830
2684,work22031
2685,work48713
2686,work20038
2687,work15003
2688,work15005
2689,work15004
2690,work107257
2691,work28605
2692,work9987
2693,work7882
2694,work563573
2695,work1569
2696,work47
2697,work19555
2698,work43012
2699,work4552
2700,work4551
2701,work411834
2702,work52551
2703,work12444
2704,work12499
2705,work12460
2706,work76229
2707,work65197
2708,work39503
2709,work39528
2710,work134025
2711,work5967
2712,work77568
2713,work47079
2714,work10516
2715,work9812
2716,work199217
2717,work457202
2718,work2119
2719,work2205
2720,work28150
2721,work2349
2722,work30272
2723,work30277
2724,work70651
2725,work6161
2726,work6053
2727,work12516
2728,work12453
2729,work12471
2730,work28336
2731,work13807
2732,work36902
2733,work76234
2734,work76244
2735,work76239
2736,work55710
2737,work4529
2738,work45249
2739,work45340
2740,work45370
2741,work4666
2742,work1059
2743,work46800
2744,work7060
2745,work473232
2746,work201144
2747,work25601
2748,work11418
2749,work8515
2750,work8833
2751,work62145
2752,work27471
2753,work27464
2754,work27454
2755,work17144
2756,work86164
2757,work13098
2758,work5933
2759,work76727
2760,work43257
2761,work54171
2762,work47077
2763,work37301
2764,work37300
2765,work39039
2766,work39145
2767,work6841
2768,work10579
2769,work10575
2770,work457201
2771,work80808
2772,work457203
2773,work457200
2774,work5927
2775,work29943
2776,work29941
2777,work76170
2778,work56613
2779,work45464
2780,work2157
2781,work2116
2782,work2150
2783,work2134
2784,work2131
2785,work2115
2786,work2128
2787,work2153
2788,work22590
2789,work287349
2790,work525366
2791,work287359
2792,work153640
2793,work153870
2794,work154379
2795,work631903
2796,work38458
2797,work28602
2798,work921
2799,work28153
2800,work28615
2801,work915
2802,work28152
2803,work28606
2804,work913
2805,work86156
2806,work4521
2807,work4520
2808,work63861
2809,work4763
2810,work204080
2811,work45390
2812,work45247
2813,work45398
2814,work45262
2815,work45608
2816,work3009
2817,work125511
2818,work6415
2819,work133398
2820,work68589
2821,work3016
2822,work47312
2823,work87998
2824,work84840
2825,work158046
2826,work160358
2827,work160349
2828,work160353
2829,work1064
2830,work46801
2831,work160348
2832,work1092
2833,work59785
2834,work23
2835,work47964
2836,work49793
2837,work493606
2838,work8513
2839,work8546
2840,work8517
2841,work25600
2842,work8547
2843,work226158
2844,work10741
2845,work557063
2846,work48315
2847,work48314
2848,work542565
2849,work36404
2850,work36440
2851,work36400
2852,work17723
2853,work17724
2854,work56433
2855,work23415
2856,work16493
2857,work147886
2858,work120907
2859,work85847
2860,work206273
2861,work96743
2862,work56608
2863,work96744
2864,work63292
2865,work19080
2866,work37305
2867,work37285
2868,work39124
2869,work76171
2870,work437546
2871,work18111
2872,work29946
2873,work32237
2874,work2164
2875,work2313
2876,work2139
2877,work4764
2878,work94847
2879,work23168
2880,work542044
2881,work30274
2882,work68591
2883,work412019
2884,work5717
2885,work5723
2886,work5241
2887,work4583
2888,work4582
2889,work75402
2890,work44273
2891,work6887
2892,work17901
2893,work44271
2894,work44279
2895,work17949
2896,work44276
2897,work24842
2898,work24779
2899,work466723
2900,work450745
2901,work531494
2902,work427582
2903,work778968
2904,work29199
2905,work485141
2906,work358501
2907,work588648
2908,work358502
2909,work552402
2910,work588649
2911,work384269
2912,work524620
2913,work506233
2914,work524622
2915,work633412
2916,work24935
2917,work172153
2918,work172155
2919,work172152
2920,work172154
2921,work172151
2922,work115738
2923,work257459
2924,work322252
2925,work351853
2926,work821657
2927,work794233
2928,work897774
2929,work10903
2930,work45983
2931,work4115
2932,work4092
2933,work4136
2934,work4140
2935,work4152
2936,work4093
2937,work450743
2938,work4202
2939,work128102
2940,work50004
2941,work178319
2942,work453522
2943,work440801
2944,work358503
2945,work630929
2946,work532079
2947,work651848
2948,work584695
2949,work353322
2950,work358513
2951,work485140
2952,work358500
2953,work651847
2954,work651849
2955,work752403
2956,work584696
2957,work358498
2958,work434567
2959,work432200
2960,work434568
2961,work480301
2962,work172157
2963,work172156
2964,work257458
2965,work207386
2966,work249235
2967,work295541
2968,work295076
2969,work207389
2970,work257460
2971,work220387
2972,work3313
2973,work3159
2974,work3315
2975,work309629
2976,work12293
2977,work30938
2978,work407742
2979,work12060
2980,work12081
2981,work12031
2982,work12088
2983,work12111
2984,work136631
2985,work460
2986,work447
2987,work15810
2988,work452
2989,work315204
2990,work3240
2991,work456
2992,work455
2993,work146491
2994,work316076
2995,work384361
2996,work8076
2997,work6349
2998,work4759
2999,work6437
3000,work4756
3001,work4753
3002,work219539
3003,work227744
3004,work8530
3005,work8521
3006,work8553
3007,work8523
3008,work8533
3009,work8526
3010,work718347
3011,work5969
3012,work5975
3013,work6002
3014,work5982
3015,work1905
3016,work90981
3017,work12376
3018,work4760
3019,work8528
3020,work8519
3021,work8807
3022,work8809
3023,work8524
3024,work8539
3025,work40215
3026,work8527
3027,work8518
3028,work8531
3029,work4361
3030,work4451
3031,work4360
3032,work4442
3033,work5970
3034,work494736
3035,work488056
3036,work66684
3037,work8540
3038,work810178
3039,work45727
3040,work45713
3041,work207576
3042,work45714
3043,work586
3044,work93548
3045,work2773
3046,work2756
3047,work2722
3048,work3074
3049,work57121
3050,work64565
3051,work160584
3052,work5823
3053,work14040
3054,work13962
3055,work14007
3056,work13973
3057,work14014
3058,work13996
3059,work14273
3060,work14031
3061,work13999
3062,work27340
3063,work493072
3064,work23200
3065,work50760
3066,work11095
3067,work22587
3068,work24103
3069,work5824
3070,work83
3071,work91861
3072,work8538
3073,work24100
3074,work14217
3075,work493074
3076,work499112
3077,work910293
3078,work417082
3079,work438183
3080,work495018
3081,work417083
3082,work492173
3083,work538660
3084,work137911
3085,work256727
3086,work759320
3087,work858537
3088,work533613
3089,work744913
3090,work737075
3091,work499115
3092,work508851
3093,work640764
3094,work556429
3095,work579258
3096,work863493
3097,work737074
3098,work737079
3099,work499116
3100,work235130
3101,work431017
3102,work784547
3103,work602228
3104,work554936
3105,work650129
3106,work566504
3107,work650130
3108,work821658
3109,work534632
3110,work467776
3111,work467778
3112,work490669
3113,work467777
3114,work326182
3115,work528147
3116,work392986
3117,work326159
3118,work267484
3119,work446480
3120,work245204
3121,work249873
3122,work690568
3123,work858538
3124,work810071
3125,work752362
3126,work759321
3127,work821602
3128,work239014
3129,work518221
3130,work518223
3131,work882997
3132,work602227
3133,work540132
3134,work336649
3135,work575660
3136,work530770
3137,work245205
3138,work409790
3139,work571018
3140,work704671
3141,work66713
3142,work44022
3143,work44024
3144,work44023
3145,work882998
3146,work758625
3147,work552983
3148,work49269
3149,work18345
3150,work15441
3151,work490683
3152,work777149
3153,work2308
3154,work45872
3155,work45866
3156,work4674
3157,work21057
3158,work58612
3159,work45867
3160,work2012
3161,work14836
3162,work731052
3163,work62434
3164,work62350
3165,work64128
3166,work64800
3167,work11835
3168,work1267
3169,work66426
3170,work84494
3171,work62347
3172,work13447
3173,work13442
3174,work13448
3175,work13411
3176,work214324
3177,work65633
3178,work2026
3179,work25327
3180,work2732
3181,work32238
3182,work32240
3183,work32239
3184,work24645
3185,work13449
3186,work13446
3187,work2502
3188,work87782
3189,work46951
3190,work27700
3191,work13445
3192,work21672
3193,work3992
3194,work3914
3195,work10017
3196,work177617
3197,work591651
3198,work27146
3199,work21678
3200,work136639
3201,work37926
3202,work8505
3203,work3031
3204,work266561
3205,work300151
3206,work2412
3207,work10850
3208,work617597
3209,work601515
3210,work453325
3211,work551266
3212,work564943
3213,work571021
3214,work744154
3215,work709225
3216,work709224
3217,work213093
3218,work127125
3219,work224127
3220,work206836
3221,work5638
3222,work3120
3223,work37619
3224,work17925
3225,work36151
3226,work28159
3227,work29357
3228,work5059
3229,work48767
3230,work51913
3231,work58546
3232,work10335
3233,work21412
3234,work27599
3235,work13271
3236,work37615
3237,work17956
3238,work18208
3239,work36128
3240,work36166
3241,work36152
3242,work48769
3243,work24780
3244,work21396
3245,work20584
3246,work68635
3247,work10941
3248,work36155
3249,work16901
3250,work136640
3251,work171262
3252,work24824
3253,work36311
3254,work14158
3255,work14792
3256,work21389
3257,work21392
3258,work65013
3259,work20585
3260,work15134
3261,work7024
3262,work65016
3263,work292927
3264,work14791
3265,work35694
3266,work150488
3267,work67978
3268,work44267
3269,work44272
3270,work907
3271,work3066
3272,work3068
3273,work20732
3274,work20007
3275,work520086
3276,work643
3277,work99026
3278,work707
3279,work7075
3280,work930
3281,work776
3282,work896
3283,work906
3284,work7080
3285,work923
3286,work736
3287,work761
3288,work992
3289,work692
3290,work7074
3291,work952
3292,work7079
3293,work922
3294,work777
3295,work956
3296,work7081
3297,work933
3298,work965
3299,work781
3300,work949
3301,work909
3302,work7086
3303,work926
3304,work993
3305,work951
3306,work399855
3307,work12596
3308,work38321
3309,work20733
3310,work4762
3311,work53079
3312,work21920
3313,work185059
3314,work381181
3315,work381190
3316,work6866
3317,work624
3318,work646
3319,work46620
3320,work7533
3321,work72838
3322,work2306
3323,work960
3324,work729
3325,work191157
3326,work953
3327,work754
3328,work904
3329,work937
3330,work820
3331,work962
3332,work946
3333,work731
3334,work310856
3335,work955
3336,work939
3337,work778
3338,work916
3339,work28609
3340,work948
3341,work957
3342,work908
3343,work715
3344,work7084
3345,work925
3346,work900
3347,work28157
3348,work801
3349,work918
3350,work26852
3351,work927
3352,work773
3353,work28597
3354,work943
3355,work936
3356,work994
3357,work929
3358,work961
3359,work775
3360,work912
3361,work19215
3362,work945
3363,work730
3364,work954
3365,work905
3366,work938
3367,work711
3368,work823
3369,work931
3370,work963
3371,work947
3372,work733
3373,work897
3374,work758
3375,work940
3376,work714
3377,work826
3378,work924
3379,work899
3380,work28154
3381,work676
3382,work917
3383,work958
3384,work766
3385,work719
3386,work28158
3387,work935
3388,work802
3389,work23238
3390,work919
3391,work28631
3392,work248
3393,work97571
3394,work12662
3395,work3077
3396,work12600
3397,work3083
3398,work3072
3399,work12639
3400,work12595
3401,work12653
3402,work3076
3403,work12664
3404,work3084
3405,work3073
3406,work12652
3407,work3075
3408,work9366
3409,work9386
3410,work9388
3411,work36466
3412,work36497
3413,work60019
3414,work20015
3415,work206850
3416,work36883
3417,work13443
3418,work13530
3419,work12356
3420,work12355
3421,work43318
3422,work4758
3423,work11677
3424,work23176
3425,work17224
3426,work17261
3427,work17221
3428,work17146
3429,work152484
3430,work7942
3431,work7937
3432,work7944
3433,work7783
3434,work9807
3435,work647
3436,work623
3437,work640
3438,work627
3439,work5926
3440,work19550
3441,work388453
3442,work2305
3443,work774
3444,work944
3445,work757
3446,work713
3447,work932
3448,work964
3449,work950
3450,work959
3451,work910
3452,work28642
3453,work920
3454,work740
3455,work901
3456,work80264
3457,work78809
3458,work12625
3459,work9358
3460,work9361
3461,work140611
3462,work95947
3463,work95949
3464,work11663
3465,work1055
3466,work41
3467,work4952
3468,work438390
3469,work17247
3470,work21966
3471,work21942
3472,work38761
3473,work140610
3474,work7946
3475,work102742
3476,work7531
3477,work7509
3478,work40405
3479,work137442
3480,work12328
3481,work37829
3482,work37830
3483,work9775
3484,work23179
3485,work273206
3486,work150467
3487,work311956
3488,work17429
3489,work12387
3490,work12547
3491,work12611
3492,work12385
3493,work12363
3494,work12390
3495,work12373
3496,work2092
3497,work17800
3498,work17802
3499,work17795
3500,work17797
3501,work2091
3502,work17799
3503,work17801
3504,work17794
3505,work548
3506,work17806
3507,work787
3508,work133
3509,work6138
3510,work8015
3511,work43439
3512,work2655
3513,work5714
3514,work12366
3515,work5256
3516,work5264
3517,work5243
3518,work34948
3519,work34782
3520,work34784
3521,work130212
3522,work3116
3523,work3142
3524,work3153
3525,work3294
3526,work59848
3527,work23470
3528,work444560
3529,work96738
3530,work47088
3531,work7801
3532,work13840
3533,work38269
3534,work218382
3535,work13562
3536,work79097
3537,work15395
3538,work2784
3539,work7082
3540,work17841
3541,work5631
3542,work38567
3543,work34164
3544,work12867
3545,work224868
3546,work36523
3547,work49655
3548,work5234
3549,work5271
3550,work1538
3551,work1517
3552,work1524
3553,work1519
3554,work1527
3555,work10383
3556,work10331
3557,work10472
3558,work10368
3559,work10454
3560,work10375
3561,work10379
3562,work34783
3563,work39441
3564,work130395
3565,work128271
3566,work33449
3567,work3114
3568,work3276
3569,work3118
3570,work3287
3571,work3139
3572,work3297
3573,work3141
3574,work3117
3575,work3093
3576,work19127
3577,work7282
3578,work57055
3579,work6849
3580,work6865
3581,work10571
3582,work15876
3583,work402726
3584,work59854
3585,work133400
3586,work2129
3587,work7083
3588,work7085
3589,work17843
3590,work17837
3591,work17842
3592,work6380
3593,work5608
3594,work5708
3595,work29217
3596,work34180
3597,work6186
3598,work7950
3599,work6222
3600,work12477
3601,work7043
3602,work2595
3603,work12609
3604,work12375
3605,work12378
3606,work5280
3607,work5305
3608,work5335
3609,work5274
3610,work5287
3611,work5252
3612,work5221
3613,work5292
3614,work5307
3615,work11
3616,work1514
3617,work86
3618,work1554
3619,work1515
3620,work44025
3621,work10366
3622,work10377
3623,work10324
3624,work10380
3625,work10330
3626,work10372
3627,work10367
3628,work10393
3629,work10369
3630,work10455
3631,work10371
3632,work3121
3633,work3288
3634,work3140
3635,work3095
3636,work3115
3637,work3119
3638,work133399
3639,work40335
3640,work63941
3641,work9814
3642,work10533
3643,work9813
3644,work25250
3645,work29962
3646,work24180
3647,work736010
3648,work15946
3649,work63339
3650,work2266
3651,work58722
3652,work28596
3653,work5623
3654,work5629
3655,work29312
3656,work62818
3657,work64473
3658,work63359
3659,work6240
3660,work27712
3661,work2659
3662,work5229
3663,work48610
3664,work1528
3665,work1540
3666,work1529
3667,work180845
3668,work10388
3669,work10395
3670,work10370
3671,work10382
3672,work10457
3673,work10385
3674,work10492
3675,work10396
3676,work10325
3677,work10381
3678,work180844
3679,work3316
3680,work3295
3681,work180420
3682,work180859
3683,work9793
3684,work54348
3685,work9010
3686,work24150
3687,work64474
3688,work2196
3689,work2193
3690,work3849
3691,work1516
3692,work129105
3693,work8191
3694,work8190
3695,work17382
3696,work17409
3697,work17408
3698,work450290
3699,work78213
3700,work34894
3701,work84795
3702,work61815
3703,work35380
3704,work259947
3705,work5721
3706,work19184
3707,work19116
3708,work5654
3709,work6376
3710,work12155
3711,work273
3712,work6377
3713,work30248
3714,work30279
3715,work30247
3716,work57437
3717,work5159
3718,work99550
3719,work22272
3720,work2055
3721,work98401
3722,work19143
3723,work19170
3724,work19158
3725,work19105
3726,work19150
3727,work19108
3728,work37406
3729,work29978
3730,work29966
3731,work29970
3732,work29968
3733,work29971
3734,work8161
3735,work95978
3736,work286
3737,work5841
3738,work5613
3739,work55858
3740,work30295
3741,work6157
3742,work34050
3743,work5722
3744,work4953
3745,work4716
3746,work10775
3747,work10800
3748,work132145
3749,work22242
3750,work22231
3751,work3152
3752,work92781
3753,work50795
3754,work31763
3755,work31750
3756,work31747
3757,work31752
3758,work19096
3759,work19160
3760,work19107
3761,work19110
3762,work19130
3763,work19154
3764,work19134
3765,work19095
3766,work19178
3767,work19122
3768,work19144
3769,work19125
3770,work19162
3771,work19090
3772,work19167
3773,work19115
3774,work19153
3775,work19175
3776,work19117
3777,work19157
3778,work4275
3779,work25212
3780,work12222
3781,work12220
3782,work29948
3783,work30001
3784,work29959
3785,work29979
3786,work29964
3787,work29985
3788,work29950
3789,work29956
3790,work9001
3791,work2191
3792,work247
3793,work148391
3794,work4856
3795,work22249
3796,work99547
3797,work3551
3798,work19165
3799,work19093
3800,work19133
3801,work22791
3802,work68569
3803,work9980
3804,work29954
3805,work314650
3806,work2725
3807,work11235
3808,work11263
3809,work64025
3810,work14522
3811,work19094
3812,work216195
3813,work55252
3814,work6858
3815,work154306
3816,work39885
3817,work2071
3818,work6652
3819,work55893
3820,work2218
3821,work2179
3822,work2197
3823,work55894
3824,work200635
3825,work2278
3826,work200645
3827,work260942
3828,work260941
3829,work260943
3830,work134522
3831,work219274
3832,work388
3833,work3243
3834,work1289
3835,work1326
3836,work1372
3837,work1358
3838,work1342
3839,work3227
3840,work1323
3841,work1911
3842,work1209
3843,work1901
3844,work104501
3845,work201291
3846,work2195
3847,work201019
3848,work2275
3849,work201030
3850,work2190
3851,work35962
3852,work201032
3853,work4276
3854,work55892
3855,work2187
3856,work2217
3857,work200640
3858,work201029
3859,work201326
3860,work201022
3861,work2269
3862,work168452
3863,work67486
3864,work201307
3865,work201033
3866,work2223
3867,work200637
3868,work68942
3869,work201140
3870,work2222
3871,work168747
3872,work201027
3873,work68935
3874,work2163
3875,work2214
3876,work201134
3877,work201314
3878,work2194
3879,work2167
3880,work43024
3881,work7608
3882,work5873
3883,work32188
3884,work4696
3885,work74026
3886,work67504
3887,work74024
3888,work114506
3889,work63357
3890,work40785
3891,work64525
3892,work12480
3893,work10880
3894,work12058
3895,work10027
3896,work12340
3897,work25528
3898,work5919
3899,work15878
3900,work73025
3901,work38201
3902,work7527
3903,work7514
3904,work106964
3905,work28821
3906,work7880
3907,work7733
3908,work10030
3909,work10014
3910,work10041
3911,work10022
3912,work135436
3913,work8534
3914,work46476
3915,work20736
3916,work48102
3917,work8635
3918,work135434
3919,work82667
3920,work82680
3921,work24212
3922,work82699
3923,work38579
3924,work70868
3925,work75272
3926,work6231
3927,work105526
3928,work34040
3929,work5195
3930,work23323
3931,work58531
3932,work2676
3933,work526886
3934,work461432
3935,work498932
3936,work498931
3937,work11394
3938,work43122
3939,work1566
3940,work56615
3941,work10771
3942,work24856
3943,work10389
3944,work45490
3945,work24214
3946,work22279
3947,work2848
3948,work2859
3949,work2847
3950,work33540
3951,work301400
3952,work92928
3953,work103767
3954,work23476
3955,work81273
3956,work6870
3957,work10547
3958,work6871
3959,work6850
3960,work22830
3961,work18429
3962,work25287
3963,work37401
3964,work38261
3965,work759820
3966,work5938
3967,work124129
3968,work24136
3969,work8208
3970,work2763
3971,work109482
3972,work40493
3973,work15282
3974,work78814
3975,work213424
3976,work82666
3977,work679
3978,work14197
3979,work47290
3980,work5614
3981,work5627
3982,work5646
3983,work5662
3984,work145
3985,work99750
3986,work63518
3987,work50819
3988,work38564
3989,work73835
3990,work56603
3991,work75861
3992,work63731
3993,work75277
3994,work75271
3995,work75281
3996,work50538
3997,work67529
3998,work10298
3999,work12092
4000,work12065
4001,work33799
4002,work86162
4003,work58544
4004,work36533
4005,work35379
4006,work209249
4007,work12906
4008,work460739
4009,work121605
4010,work460738
4011,work97194
4012,work4777
4013,work826522
4014,work4779
4015,work39303
4016,work11765
4017,work19190
4018,work39324
4019,work5415
4020,work159134
4021,work49772
4022,work69466
4023,work23162
4024,work4464
4025,work39508
4026,work10487
4027,work10401
4028,work10338
4029,work10384
4030,work9966
4031,work10357
4032,work10333
4033,work65898
4034,work67150
4035,work330490
4036,work16053
4037,work17264
4038,work55807
4039,work470204
4040,work278733
4041,work24213
4042,work11369
4043,work22228
4044,work22261
4045,work2854
4046,work28329
4047,work2063
4048,work2850
4049,work2010
4050,work2062
4051,work2037
4052,work2860
4053,work33543
4054,work33453
4055,work33658
4056,work33288
4057,work33582
4058,work33447
4059,work33541
4060,work33656
4061,work33454
4062,work33659
4063,work33575
4064,work33518
4065,work33589
4066,work33663
4067,work33654
4068,work33496
4069,work88649
4070,work236610
4071,work94918
4072,work267733
4073,work8132
4074,work277475
4075,work6025
4076,work1263
4077,work616431
4078,work56605
4079,work39800
4080,work116759
4081,work128806
4082,work62520
4083,work13376
4084,work22137
4085,work23465
4086,work23471
4087,work23303
4088,work23489
4089,work23448
4090,work23492
4091,work23302
4092,work23456
4093,work23447
4094,work23304
4095,work23458
4096,work23411
4097,work54202
4098,work47029
4099,work24203
4100,work256292
4101,work39120
4102,work59459
4103,work43047
4104,work6855
4105,work84388
4106,work15875
4107,work22475
4108,work23050
4109,work22732
4110,work22799
4111,work14832
4112,work23077
4113,work22761
4114,work22745
4115,work22819
4116,work22777
4117,work22760
4118,work22477
4119,work22741
4120,work22762
4121,work22748
4122,work22498
4123,work39317
4124,work12223
4125,work38264
4126,work23977
4127,work43050
4128,work7978
4129,work9089
4130,work109213
4131,work75940
4132,work65895
4133,work144661
4134,work64060
4135,work73200
4136,work73834
4137,work200031
4138,work9573
4139,work8243
4140,work8345
4141,work8249
4142,work8163
4143,work8555
4144,work155312
4145,work2728
4146,work2755
4147,work2723
4148,work2733
4149,work2760
4150,work2749
4151,work69460
4152,work16137
4153,work92948
4154,work244622
4155,work129106
4156,work129108
4157,work129107
4158,work35031
4159,work38599
4160,work14828
4161,work5642
4162,work5704
4163,work62348
4164,work56601
4165,work59745
4166,work56602
4167,work88871
4168,work39876
4169,work84844
4170,work18483
4171,work86157
4172,work44292
4173,work37039
4174,work75278
4175,work5219
4176,work12256
4177,work12254
4178,work34049
4179,work155561
4180,work7220
4181,work99551
4182,work36538
4183,work36909
4184,work36534
4185,work36536
4186,work88628
4187,work55661
4188,work225784
4189,work2577
4190,work460735
4191,work225781
4192,work2589
4193,work460729
4194,work12310
4195,work198896
4196,work55725
4197,work6438
4198,work11694
4199,work19187
4200,work1545
4201,work86158
4202,work76747
4203,work10400
4204,work10143
4205,work10404
4206,work18981
4207,work148216
4208,work25536
4209,work25530
4210,work85676
4211,work116733
4212,work349069
4213,work55805
4214,work22220
4215,work28328
4216,work2032
4217,work2857
4218,work16641
4219,work14125
4220,work33509
4221,work33556
4222,work200459
4223,work46358
4224,work340417
4225,work237142
4226,work17706
4227,work45937
4228,work29997
4229,work77371
4230,work17886
4231,work17137
4232,work5707
4233,work307443
4234,work6863
4235,work17879
4236,work17881
4237,work17880
4238,work17882
4239,work182988
4240,work899401
4241,work330940
4242,work26033
4243,work223989
4244,work328403
4245,work295927
4246,work423233
4247,work48736
4248,work233367
4249,work423218
4250,work12671
4251,work423225
4252,work423217
4253,work1446
4254,work421654
4255,work152184
4256,work37266
4257,work37278
4258,work37277
4259,work14565
4260,work37311
4261,work435795
4262,work301938
4263,work207647
4264,work16941
4265,work1560
4266,work302273
4267,work53165
4268,work257547
4269,work261886
4270,work144316
4271,work64829
4272,work68642
4273,work10904
4274,work405253
4275,work158857
4276,work654
4277,work57440
4278,work11869
4279,work64380
4280,work7918
4281,work34082
4282,work2604
4283,work2608
4284,work2027
4285,work15884
4286,work29992
4287,work29976
4288,work675
4289,work64466
4290,work64461
4291,work57441
4292,work6320
4293,work12001
4294,work2610
4295,work2599
4296,work548601
4297,work26993
4298,work184477
4299,work721723
4300,work10773
4301,work10394
4302,work10398
4303,work31729
4304,work2028
4305,work63146
4306,work51336
4307,work51350
4308,work9817
4309,work15881
4310,work29972
4311,work29980
4312,work29940
4313,work29963
4314,work63338
4315,work7420
4316,work5706
4317,work57443
4318,work63360
4319,work6050
4320,work21501
4321,work7772
4322,work916940
4323,work917046
4324,work12927
4325,work184478
4326,work273100
4327,work182735
4328,work15012
4329,work11072
4330,work11239
4331,work10770
4332,work10403
4333,work10376
4334,work10387
4335,work10373
4336,work78703
4337,work224863
4338,work21066
4339,work25475
4340,work149496
4341,work81428
4342,work10550
4343,work15883
4344,work15885
4345,work15877
4346,work29939
4347,work2181
4348,work63150
4349,work206
4350,work44310
4351,work63363
4352,work64582
4353,work57439
4354,work50440
4355,work184483
4356,work539860
4357,work98891
4358,work10451
4359,work10378
4360,work10486
4361,work10347
4362,work27451
4363,work2052
4364,work2864
4365,work830897
4366,work135919
4367,work794612
4368,work67530
4369,work23486
4370,work15879
4371,work15880
4372,work182577
4373,work63727
4374,work64611
4375,work34039
4376,work2039
4377,work191186
4378,work7828
4379,work9517
4380,work10302
4381,work586129
4382,work182736
4383,work17575
4384,work126607
4385,work15610
4386,work144332
4387,work68588
4388,work177619
4389,work56611
4390,work916987
4391,work485009
4392,work135444
4393,work150604
4394,work34912
4395,work459619
4396,work222861
4397,work347816
4398,work13103
4399,work6016
4400,work537557
4401,work339334
4402,work612292
4403,work27517
4404,work9778
4405,work448
4406,work450
4407,work451
4408,work746738
4409,work7297
4410,work7185
4411,work7966
4412,work9779
4413,work9781
4414,work9780
4415,work454
4416,work449
4417,work453
4418,work2310
4419,work27719
4420,work477
4421,work12551
4422,work61002
4423,work5384
4424,work139114
4425,work6838
4426,work2070
4427,work20039
4428,work35089
4429,work7073
4430,work28610
4431,work759
4432,work24769
4433,work830
4434,work973
4435,work128146
4436,work54933
4437,work52550
4438,work829
4439,work13185
4440,work12251
4441,work12319
4442,work12493
4443,work12094
4444,work10886
4445,work12264
4446,work12415
4447,work12536
4448,work12123
4449,work12322
4450,work12506
4451,work12100
4452,work12447
4453,work12026
4454,work12314
4455,work12075
4456,work12268
4457,work12419
4458,work12007
4459,work12127
4460,work12342
4461,work12512
4462,work12106
4463,work12283
4464,work12486
4465,work12086
4466,work12422
4467,work12009
4468,work12145
4469,work12260
4470,work12345
4471,work17791
4472,work12519
4473,work12250
4474,work12318
4475,work12491
4476,work12273
4477,work12436
4478,work12068
4479,work12406
4480,work12534
4481,work12290
4482,work12252
4483,work12321
4484,work12500
4485,work12097
4486,work12277
4487,work12445
4488,work12312
4489,work12474
4490,work12267
4491,work12418
4492,work12539
4493,work12126
4494,work12027
4495,work12510
4496,work12104
4497,work12282
4498,work12448
4499,work12479
4500,work177374
4501,work12269
4502,work12420
4503,work12008
4504,work12132
4505,work12030
4506,work12344
4507,work17790
4508,work12284
4509,work12247
4510,work12317
4511,work12487
4512,work12272
4513,work12423
4514,work12465
4515,work12262
4516,work12520
4517,work12115
4518,work5083
4519,work14005
4520,work13961
4521,work14010
4522,work13970
4523,work14017
4524,work14266
4525,work13992
4526,work14026
4527,work14004
4528,work14035
4529,work14008
4530,work14012
4531,work13978
4532,work14019
4533,work14275
4534,work14032
4535,work10007
4536,work24644
4537,work2626
4538,work191345
4539,work2665
4540,work2587
4541,work2664
4542,work2673
4543,work2618
4544,work2623
4545,work2936
4546,work2921
4547,work2938
4548,work2937
4549,work4528
4550,work4798
4551,work4526
4552,work63987
4553,work139100
4554,work1547
4555,work133196
4556,work1533
4557,work1970
4558,work1969
4559,work29384
4560,work19131
4561,work19071
4562,work10570
4563,work6879
4564,work10532
4565,work10551
4566,work230733
4567,work229866
4568,work408582
4569,work1967
4570,work19083
4571,work19166
4572,work19128
4573,work19156
4574,work19075
4575,work19077
4576,work19159
4577,work19072
4578,work19155
4579,work19109
4580,work19074
4581,work19076
4582,work19098
4583,work19140
4584,work19079
4585,work106908
4586,work10524
4587,work6903
4588,work9704
4589,work10556
4590,work6843
4591,work10543
4592,work10529
4593,work550922
4594,work9803
4595,work6881
4596,work10558
4597,work37485
4598,work6892
4599,work10565
4600,work9811
4601,work6857
4602,work10552
4603,work6834
4604,work10538
4605,work10521
4606,work6862
4607,work10555
4608,work6888
4609,work6842
4610,work10541
4611,work10528
4612,work6904
4613,work9792
4614,work6868
4615,work10557
4616,work37484
4617,work6891
4618,work10544
4619,work10559
4620,work10534
4621,work9804
4622,work6882
4623,work37486
4624,work6856
4625,work10566
4626,work6833
4627,work10537
4628,work10519
4629,work6897
4630,work10554
4631,work6837
4632,work10539
4633,work7044
4634,work137339
4635,work22033
4636,work22025
4637,work189097
4638,work22027
4639,work84242
4640,work22030
4641,work216664
4642,work22003
4643,work22026
4644,work22028
4645,work408233
4646,work10151
4647,work10086
4648,work10157
4649,work24018
4650,work22750
4651,work10088
4652,work22755
4653,work10090
4654,work10574
4655,work9683
4656,work10092
4657,work14846
4658,work10153
4659,work14865
4660,work22792
4661,work10158
4662,work22752
4663,work10091
4664,work89024
4665,work17931
4666,work17944
4667,work17961
4668,work17934
4669,work17909
4670,work15131
4671,work17937
4672,work17898
4673,work17917
4674,work17951
4675,work17926
4676,work17953
4677,work17906
4678,work17943
4679,work17933
4680,work17958
4681,work17936
4682,work17897
4683,work15132
4684,work17950
4685,work17919
4686,work17952
4687,work17904
4688,work17941
4689,work267516
4690,work81869
4691,work620483
4692,work8244
4693,work8182
4694,work8337
4695,work8158
4696,work8197
4697,work8186
4698,work8172
4699,work8146
4700,work8162
4701,work8334
4702,work8188
4703,work8226
4704,work8973
4705,work8181
4706,work8183
4707,work8159
4708,work8171
4709,work8341
4710,work8145
4711,work8187
4712,work211906
4713,work8147
4714,work8200
4715,work8557
4716,work8335
4717,work34717
4718,work34725
4719,work34719
4720,work23833
4721,work23418
4722,work23517
4723,work23420
4724,work25688
4725,work149134
4726,work23805
4727,work23472
4728,work23825
4729,work23417
4730,work23419
4731,work23421
4732,work23429
4733,work23564
4734,work23416
4735,work2774
4736,work2736
4737,work2810
4738,work2739
4739,work2743
4740,work2759
4741,work2806
4742,work2734
4743,work131930
4744,work2768
4745,work2726
4746,work2777
4747,work2740
4748,work2758
4749,work2729
4750,work286418
4751,work2744
4752,work73804
4753,work2232
4754,work90854
4755,work2271
4756,work2152
4757,work201530
4758,work201292
4759,work2118
4760,work201308
4761,work380301
4762,work2198
4763,work201299
4764,work82587
4765,work201288
4766,work2219
4767,work2283
4768,work2231
4769,work2203
4770,work2221
4771,work2233
4772,work2162
4773,work201138
4774,work168750
4775,work2213
4776,work200636
4777,work2261
4778,work201319
4779,work2165
4780,work201287
4781,work2279
4782,work2230
4783,work55891
4784,work200638
4785,work201302
4786,work2289
4787,work201324
4788,work201289
4789,work2095
4790,work2220
4791,work35811
4792,work35746
4793,work35806
4794,work35748
4795,work35843
4796,work35745
4797,work35805
4798,work35747
4799,work35809
4800,work35738
4801,work27250
4802,work27249
4803,work788
4804,work337438
4805,work135323
4806,work12623
4807,work8353
4808,work10920
4809,work12037
4810,work13144
4811,work16884
4812,work12034
4813,work5079
4814,work34877
4815,work13993
4816,work14015
4817,work13994
4818,work10033
4819,work27728
4820,work25656
4821,work225782
4822,work2593
4823,work2663
4824,work460742
4825,work2592
4826,work12323
4827,work12336
4828,work108318
4829,work12302
4830,work12532
4831,work12327
4832,work12305
4833,work12392
4834,work12346
4835,work12330
4836,work12550
4837,work12382
4838,work20308
4839,work12308
4840,work68832
4841,work12333
4842,work49654
4843,work12313
4844,work12399
4845,work182422
4846,work12335
4847,work12614
4848,work12301
4849,work12325
4850,work12391
4851,work12339
4852,work12304
4853,work38180
4854,work12307
4855,work12331
4856,work12295
4857,work12396
4858,work12334
4859,work12299
4860,work62132
4861,work62126
4862,work71420
4863,work139102
4864,work64700
4865,work139106
4866,work139110
4867,work70524
4868,work139098
4869,work139115
4870,work139103
4871,work139117
4872,work64141
4873,work139105
4874,work409253
4875,work90342
4876,work5400
4877,work5416
4878,work90080
4879,work5432
4880,work223296
4881,work18016
4882,work939577
4883,work939578
4884,work287838
4885,work55630
4886,work710718
4887,work570332
4888,work821655
4889,work710716
4890,work642423
4891,work612738
4892,work752354
4893,work570331
4894,work505042
4895,work219470
4896,work77639
4897,work20021
4898,work3529
4899,work3528
4900,work3542
4901,work23603
4902,work299572
4903,work140631
4904,work69613
4905,work1972
4906,work29673
4907,work29676
4908,work29680
4909,work19114
4910,work63851
4911,work22029
4912,work542048
4913,work246024
4914,work634367
4915,work22805
4916,work22764
4917,work283011
4918,work17947
4919,work17902
4920,work17927
4921,work17942
4922,work81864
4923,work8176
4924,work8192
4925,work34680
4926,work23836
4927,work743890
4928,work201328
4929,work201300
4930,work201311
4931,work201315
4932,work201321
4933,work201298
4934,work201329
4935,work201310
4936,work2111
4937,work201317
4938,work142717
4939,work460741
4940,work225790
4941,work120587
4942,work501060
4943,work120589
4944,work12606
4945,work18739
4946,work23994
4947,work91031
4948,work882090
4949,work120588
4950,work120591
4951,work23993
4952,work444741
4953,work5410
4954,work324736
4955,work63989
4956,work71192
4957,work64697
4958,work71669
4959,work116063
4960,work67106
4961,work91856
4962,work71246
4963,work134818
4964,work72367
4965,work66546
4966,work60743
4967,work652608
4968,work752667
4969,work187120
4970,work414346
4971,work69752
4972,work101773
4973,work69751
4974,work70560
4975,work72210
4976,work64508
4977,work64521
4978,work64556
4979,work64566
4980,work64573
4981,work64574
4982,work64593
4983,work66401
4984,work10308
4985,work6056
4986,work6114
4987,work6203
4988,work6284
4989,work7954
4990,work7963
4991,work7965
4992,work8064
4993,work8288
4994,work8295
4995,work21497
4996,work12096
4997,work23740
4998,work5186
4999,work91112
5000,work13489
5001,work69974
5002,work198899
5003,work2594
5004,work2620
5005,work2627
5006,work2652
5007,work2671
5008,work78933
5009,work111439
5010,work138366
5011,work138376
5012,work248833
5013,work415556
5014,work4767
5015,work45269
5016,work201114
5017,work5247
5018,work5248
5019,work5349
5020,work5370
5021,work54386
5022,work113880
5023,work34315
5024,work17078
5025,work6358
5026,work6359
5027,work6371
5028,work81
5029,work1539
5030,work1552
5031,work1565
5032,work1571
5033,work16940
5034,work34478
5035,work8516
5036,work8837
5037,work17633
5038,work20853
5039,work24001
5040,work24961
5041,work43522
5042,work160634
5043,work188014
5044,work227742
5045,work267202
5046,work338252
5047,work4930
5048,work4931
5049,work4935
5050,work4941
5051,work9434
5052,work9437
5053,work10755
5054,work10765
5055,work10768
5056,work10782
5057,work10783
5058,work10788
5059,work10790
5060,work10797
5061,work11574
5062,work11578
5063,work153204
5064,work52201
5065,work10321
5066,work10322
5067,work10323
5068,work10326
5069,work10328
5070,work10334
5071,work10339
5072,work10340
5073,work10343
5074,work10350
5075,work10352
5076,work10354
5077,work10360
5078,work10363
5079,work10391
5080,work10399
5081,work10453
5082,work10460
5083,work10461
5084,work10464
5085,work10474
5086,work10484
5087,work10488
5088,work10495
5089,work10498
5090,work10500
5091,work17980
5092,work21453
5093,work99041
5094,work31636
5095,work48879
5096,work183227
5097,work476824
5098,work317072
