0,user142354
1,user73319
2,user93998
3,user42075
4,user75143
5,user2956
6,user10280
7,user79613
8,user124918
9,user55018
10,user4533
11,user92365
12,user61148
13,user116759
14,user63459
15,user8108
16,user49703
17,user43952
18,user4727
19,user11249
20,user4395
21,user11790
22,user117751
23,user145288
24,user46003
25,user134717
26,user35410
27,user10072
28,user30264
29,user130847
30,user8884
31,user6762
32,user32483
33,user127187
34,user54511
35,user95671
36,user3298
37,user22027
38,user132725
39,user96252
40,user147882
41,user34886
42,user55558
43,user135098
44,user29468
45,user56431
46,user17904
47,user4146
48,user34314
49,user15555
50,user41212
51,user30105
52,user48602
53,user48968
54,user73024
55,user79264
56,user87120
57,user90817
58,user75338
59,user124350
60,user23136
61,user153755
62,user29256
63,user22140
